state,name,population,unemployment_rate,median_income,median_age,cost_of_living
AL,Auburn,"74,637",2.30%,"$37,406",24.1,-2.4% lower
AL,Fairfield,"10,108",3.80%,"$34,556",36.8,-23.8% lower
AL,Florence,"39,709",3.20%,"$35,632",37.1,-20.6% lower
AL,Homewood,"26,206",1.90%,"$62,431",31.5,14.2% higher
AL,Huntsville,"210,081",3.10%,"$49,060",36.9,-9.3% lower
AL,Jacksonville,"13,076",3.90%,"$38,192",26.7,-18.4% lower
AL,Livingston,"3,227",4.20%,"$14,797",23,-19.7% lower
AL,Mobile,"187,445",6.20%,"$39,241",36.7,-17.1% lower
AL,Montevallo,"6,968",2.00%,"$35,444",27.9,-12.1% lower
AL,Montgomery,"201,022",5.80%,"$43,535",35,-22.7% lower
AL,Troy,"17,765",3.10%,"$32,015",25.8,-21.3% lower
AL,Tuscaloosa,"99,252",4.40%,"$38,762",28.6,-12.5% lower
AL,Tuskegee,"9,125",6.30%,"$27,313",25.3,-29.1% lower
AK,Anchorage,"292,545",6.60%,"$78,121",33.1,16.0% higher
AK,Fairbanks,"33,018",7.20%,"$55,778",28.1,2.0% higher
AK,Juneau,"32,240",5.50%,"$84,750",38,14.2% higher
AK,Ketchikan,"8,150",8.80%,"$52,765",38,2.5% higher
AK,Sitka,"8,518",5.60%,"$69,635",38.9,16.6% higher
AZ,Chandler,"272,439",5.30%,"$72,072",35.3,15.7% higher
AZ,Flagstaff,"76,228",5.90%,"$48,120",25.1,18.7% higher
AZ,Gilbert,"262,249",4.50%,"$81,485",33.6,22.7% higher
AZ,Glendale,"245,685",7.00%,"$46,855",33.9,7.5% higher
AZ,Lake Havasu City,"56,510",6.20%,"$42,718",53.1,8.0% higher
AZ,Mesa,"497,752",6.10%,"$48,259",35.9,8.4% higher
AZ,Peoria,"187,733",5.80%,"$63,025",39.5,14.0% higher
AZ,Prescott,"45,063",5.90%,"$45,190",56.6,22.1% higher
AZ,Scottsdale,"238,685",4.70%,"$72,455",46.9,42.2% higher
AZ,Tempe,"178,862",5.40%,"$48,183",28.8,12.6% higher
AZ,Tucson,"538,167",7.40%,"$37,149",33.4,-4.3% lower
AR,Arkadelphia,"10,332",5.00%,"$29,848",23.8,-29.6% lower
AR,Conway,"63,746",4.20%,"$47,126",28.6,-19.9% lower
AR,Fayetteville,"92,070",3.90%,"$37,350",27.1,-8.2% lower
AR,Fort Smith,"89,116",4.60%,"$36,777",35.9,-25.0% lower
AR,Jonesboro,"77,520",4.10%,"$40,583",32.4,-20.3% lower
AR,Magnolia,"11,205",6.20%,"$34,461",27.2,-31.1% lower
AR,Monticello,"8,567",5.80%,"$25,905",30,-28.7% lower
AR,Russellville,"29,057",4.30%,"$36,360",27.8,-26.1% lower
AR,Searcy,"23,074",4.90%,"$42,181",28.8,-24.5% lower
CA,Angwin,"3,088",6.60%,"$66,765",25.9,72.1% higher
CA,Arcata,"19,038",6.70%,"$30,244",25.4,8.2% higher
CA,Azusa,"49,457",10.80%,"$52,087",29.3,39.7% higher
CA,Berkeley,"119,607",5.10%,"$65,283",31,138.3% higher
CA,Chico,"103,898",5.60%,"$42,334",29.9,14.5% higher
CA,Claremont,"36,312",8.90%,"$89,648",39.5,65.7% higher
CA,Cotati,"7,603",6.00%,"$59,808",35.8,45.4% higher
CA,Davis,"67,208",3.90%,"$57,454",25.8,54.0% higher
CA,Irvine,"297,868",5.40%,"$91,999",34.4,81.1% higher
CA,Isla Vista,"15,732",6.60%,"$19,237",20.6,94.5% higher
CA,La Verne,"31,423",9.60%,"$75,662",43.3,63.8% higher
CA,Loma Linda,"24,712",7.80%,"$58,259",34.8,22.2% higher
CA,Merced,"85,993",9.30%,"$38,917",29.2,5.8% higher
CA,Orange,"139,195",6.00%,"$77,086",35.2,64.0% higher
CA,Pasadena,"138,771",9.00%,"$70,845",37.9,85.8% higher
CA,Pomona,"151,592",12.80%,"$48,993",31.5,38.3% higher
CA,Redlands,"72,649",6.00%,"$67,112",35,22.6% higher
CA,Riverside,"314,858",7.10%,"$56,089",31.3,34.1% higher
CA,Rocklin,"70,317",5.30%,"$79,274",37.7,37.8% higher
CA,San Luis Obispo,"47,257",5.50%,"$44,894",26.5,54.7% higher
CA,Santa Barbara,"89,132",4.10%,"$65,916",37.9,117.9% higher
CA,Santa Cruz,"62,714",4.50%,"$61,533",29.3,103.5% higher
CA,Seaside,"32,631",4.20%,"$52,538",31.9,44.3% higher
CA,Stanford,"16,333",5.10%,"$51,622",22,342.4% higher
CA,Turlock,"72,494",6.70%,"$51,594",34.4,13.3% higher
CA,University District,"8,532",6.40%,"$25,462",19.3,-7.4% lower
CA,Whittier,"87,184",11.20%,"$65,583",36.8,49.8% higher
CO,Alamosa,"9,704",6.90%,"$26,057",27.3,-18.8% lower
CO,Aurora,"383,496",7.60%,"$52,275",34.2,18.9% higher
CO,Boulder,"104,930",5.10%,"$58,062",28.6,67.6% higher
CO,Colorado Springs,"475,282",6.80%,"$54,228",34.6,8.3% higher
CO,Durango,"18,953",6.50%,"$53,621",34.3,19.2% higher
CO,Fort Collins,"166,788",5.60%,"$53,775",29.2,16.7% higher
CO,Golden,"20,041",6.30%,"$58,630",32,49.5% higher
CO,Grand Junction,"65,067",7.10%,"$44,887",35.9,-4.0% lower
CO,Greeley,"107,014",7.80%,"$47,342",30.7,4.3% higher
CO,Gunnison,"6,459",4.70%,"$40,723",25.8,2.0% higher
CO,Lakewood,"155,608",7.20%,"$56,134",38.5,29.9% higher
CO,Pueblo,"111,424",9.50%,"$34,889",37.5,-11.4% lower
CT,Bridgeport,"148,529",13.20%,"$41,204",33.8,14.3% higher
CT,Danbury,"86,197",7.60%,"$65,981",37.6,18.3% higher
CT,East Hartford,"50,971",10.90%,"$50,355",37.9,-0.5% lower
CT,Fairfield,"61,737",6.50%,"$120,082",41.2,54.8% higher
CT,Farmington,"26,559",6.20%,"$92,933",43.8,12.7% higher
CT,Hamden,"61,160",6.70%,"$67,771",37.4,8.5% higher
CT,Hartford,"121,562",14.00%,"$29,313",30.9,-6.7% lower
CT,Middletown,"47,164",8.00%,"$61,373",37,2.6% higher
CT,New Britain,"74,022",12.40%,"$40,515",34.4,-3.1% lower
CT,New Haven,"133,874",9.70%,"$37,508",30.7,5.5% higher
CT,New London,"27,585",13.20%,"$41,230",30.9,-7.9% lower
CT,North Haven,"24,217",6.70%,"$84,078",45.6,15.4% higher
CT,Southington,"43,474",6.70%,"$81,285",45,8.9% higher
CT,Stamford,"134,820",7.80%,"$77,221",37,40.9% higher
CT,Storrs,"16,784",6.80%,"$31,925",20.4,-4.2% lower
CT,Waterbury,"113,783",13.00%,"$41,136",34.7,-1.9% lower
CT,Willimantic,"18,150",8.30%,"$33,008",26.3,-10.6% lower
CT,West Hartford,"64,034",5.70%,"$84,092",41.1,11.7% higher
CT,West Haven,"55,518",8.70%,"$49,993",35.1,7.3% higher
DE,Dover,"38,940",10.30%,"$45,660",29.9,-6.7% lower
DE,Newark,"31,393",5.60%,"$53,125",23.9,3.5% higher
DE,New Castle,"5,482",6.50%,"$53,420",46.7,-3.5% lower
DE,Wilmington,"70,926",10.30%,"$38,979",35.7,-0.7% lower
FL,Boca Raton,"95,347",3.90%,"$71,867",47.3,20.8% higher
FL,Bradenton,"54,918",4.70%,"$40,592",42.9,-1.7% lower
FL,Brandon,"115,330",4.60%,"$56,012",36.9,0.7% higher
FL,Cape Coral,"193,003",4.60%,"$49,841",45.9,4.2% higher
FL,Coral Gables,"49,269",5.20%,"$93,590",40,73.6% higher
FL,Coral Springs,"133,693",4.50%,"$66,271",36.8,20.2% higher
FL,Davie,"104,782",4.20%,"$58,924",37.7,18.0% higher
FL,DeLand,"36,528",5.70%,"$37,417",41.9,-5.8% lower
FL,Estero,"36,187",4.60%,"$66,439",62.5,11.0% higher
FL,Fort Lauderdale,"182,247",6.10%,"$48,898",42.2,18.5% higher
FL,Gainesville,"138,741",4.40%,"$32,108",26,-10.0% lower
FL,Gulfport,"11,830",4.40%,"$38,315",54.3,1.5% higher
FL,Hialeah,"224,362",8.90%,"$29,959",44.2,15.3% higher
FL,Hollywood,"152,597",5.70%,"$46,419",42.1,13.3% higher
FL,Kendall,"78,007",8.20%,"$59,753",42.2,12.0% higher
FL,Lakeland,"110,401",5.60%,"$39,238",41.3,-11.7% lower
FL,Miami Gardens,"111,706",12.70%,"$39,545",35.6,14.4% higher
FL,Miami Shores,"11,551",8.20%,"$88,977",39.4,48.1% higher
FL,Miramar,"134,306",5.50%,"$64,987",36.4,18.2% higher
FL,Pembroke Pines,"170,346",4.40%,"$61,539",40.1,16.3% higher
FL,Pensacola,"53,845",4.30%,"$46,424",38,-12.8% lower
FL,Port St. Lucie,"202,177",4.90%,"$48,898",41.9,0.7% higher
FL,Sarasota,"53,786",4.60%,"$41,670",47.2,2.9% higher
FL,St. Leo,"1,277",5.00%,"$92,500",19.2,16.7% higher
FL,St. Petersburg,"258,245",4.60%,"$45,483",42.6,0.4% higher
FL,Sunrise,"96,220",5.10%,"$49,370",38.2,5.3% higher
FL,Tallahassee,"195,057",5.10%,"$39,407",26.6,-9.4% lower
FL,West Palm Beach,"115,877",5.00%,"$45,027",39.6,8.0% higher
GA,Albany,"70,748",6.70%,"$28,303",33.6,-26.1% lower
GA,Athens,"126,118",3.90%,"$33,293",27.2,-11.9% lower
GA,Augusta,"201,264",5.20%,"$37,593",33.6,-20.8% lower
GA,Blue Ridge,"1,167",2.80%,"$28,523",48.5,1.5% higher
GA,Brunswick,"14,774",3.90%,"$26,775",37.5,-19.0% lower
GA,Carrollton,"26,773",4.40%,"$32,969",26,-6.1% lower
GA,Columbus,"204,366",5.30%,"$41,362",33.7,-23.6% lower
GA,Dahlonega,"6,471",2.80%,"$35,518",23.1,-14.0% lower
GA,Demorest,"2,479",3.70%,"$44,659",31,-20.2% lower
GA,Fort Valley,"8,829",5.10%,"$21,364",23.9,-27.0% lower
GA,Glennville,"3,871",3.20%,"$44,638",35.3,-22.6% lower
GA,Kennesaw,"33,036",3.10%,"$58,483",33.1,8.0% higher
GA,Lawrenceville,"30,299",4.80%,"$42,459",35.3,-0.5% lower
GA,Madison,"4,404",3.30%,"$56,083",46.2,-0.6% lower
GA,Macon,"156,711",5.10%,"$36,671",36,-23.4% lower
GA,Milledgeville,"17,278",4.80%,"$22,500",27.3,-22.5% lower
GA,Mount Vernon,"2,259",4.00%,"$28,929",41.3,-28.5% lower
GA,Oxford,"2,022",4.50%,"$41,100",26.5,-1.6% lower
GA,Rome,"37,509",4.60%,"$33,787",35,-19.1% lower
GA,Savannah,"147,930",5.40%,"$36,628",32.3,-11.6% lower
GA,Statesboro,"32,400",5.60%,"$22,196",22.3,-21.3% lower
GA,Swainsboro,"7,430",5.30%,"$28,221",30.5,-27.1% lower
GA,Valdosta,"55,417",5.00%,"$29,828",27.6,-21.5% lower
GA,Vidalia,"10,641",4.40%,"$30,294",35.3,-24.5% lower
GA,Waleska,773,2.70%,"$38,958",20.3,11.8% higher
GA,Watkinsville,"2,888",2.10%,"$62,500",37.2,1.2% higher
GA,Young Harris,"1,146",3.90%,"$19,125",20.8,-13.2% lower
HI,Laie,"6,436",7.60%,"$81,948",23.4,111.9% higher
ID,Boise,"231,537",3.60%,"$49,209",36,16.5% higher
ID,Caldwell,"58,872",4.60%,"$41,368",29.7,2.8% higher
ID,Lewiston,"33,964",3.40%,"$45,148",41,-6.1% lower
ID,Moscow,"25,336",3.70%,"$33,591",24.7,-0.7% lower
ID,Nampa,"98,881",4.10%,"$40,083",31.4,4.0% higher
ID,Pocatello,"55,865",3.80%,"$40,792",31.6,-13.7% lower
ID,Rexburg,"33,684",2.20%,"$25,606",23.3,-6.9% lower
IL,Aurora,"183,447",6.80%,"$63,569",32.8,-10.9% lower
IL,Bloomington,"78,372",5.50%,"$62,046",34.1,-17.6% lower
IL,Bourbonnais,"18,959",7.50%,"$63,707",32.6,-14.0% lower
IL,Carbondale,"22,388",6.70%,"$17,677",23.8,-21.9% lower
IL,Charleston,"18,130",5.60%,"$26,844",25.2,-29.2% lower
IL,Deerfield,"19,228",6.40%,"$135,754",43.9,19.5% higher
IL,DeKalb,"41,083",7.00%,"$38,357",24.7,-15.8% lower
IL,East Peoria,"22,707",5.70%,"$49,873",43.9,-21.7% lower
IL,Edwardsville,"25,236",5.40%,"$70,791",29.6,-7.0% lower
IL,Elgin,"114,156",9.90%,"$59,832",34.1,-8.4% lower
IL,Elmhurst,"45,661",4.40%,"$95,240",39.4,24.5% higher
IL,Evanston,"78,454",5.80%,"$69,347",36,23.2% higher
IL,Joliet,"150,323",9.40%,"$62,008",33.5,-15.9% lower
IL,Lebanon,"4,737",6.70%,"$51,250",35.9,-18.5% lower
IL,Macomb,"15,681",5.30%,"$27,007",25.2,-30.6% lower
IL,Naperville,"149,013",4.40%,"$109,512",38.7,21.8% higher
IL,Normal,"53,446",4.40%,"$52,134",24.4,-17.7% lower
IL,Peoria,"113,672",9.00%,"$46,042",34.3,-26.1% lower
IL,Rockford,"148,942",10.10%,"$38,231",36.5,-24.2% lower
IL,Springfield,"114,672",7.10%,"$48,848",38.9,-24.6% lower
IL,University Park,"7,239",7.10%,"$46,026",32,-15.5% lower
IN,Angola,"8,916",3.70%,"$40,934",29.8,-20.2% lower
IN,Bloomington,"80,064",4.30%,"$28,660",23.8,-11.6% lower
IN,Greencastle,"9,980",4.20%,"$41,365",26.3,-20.8% lower
IN,Hanover,"3,498",4.30%,"$40,615",24.8,-26.5% lower
IN,Marion,"27,757",5.50%,"$32,334",35.1,-33.9% lower
IN,Muncie,"65,571",5.50%,"$30,570",28.8,-28.5% lower
IN,Oakland City,"2,415",3.40%,"$33,750",48.4,-28.0% lower
IN,South Bend,"102,786",6.90%,"$34,656",33.4,-25.0% lower
IN,Upland,"3,882",4.40%,"$48,869",22.2,-26.6% lower
IN,West Lafayette,"44,515",2.90%,"$28,507",21.7,-9.6% lower
IA,Ames,"65,522",2.70%,"$42,373",23.1,-9.7% lower
IA,Bettendorf,"38,631",4.20%,"$74,529",40.7,-11.5% lower
IA,Cedar Falls,"40,500",3.30%,"$52,678",26.8,-19.1% lower
IA,Cedar Rapids,"136,512",5.90%,"$54,465",36,-20.8% lower
IA,Davenport,"101,725",6.10%,"$45,424",35.9,-21.5% lower
IA,Decorah,"7,767",5.30%,"$50,361",30.4,-15.3% lower
IA,Fayette,"1,139",5.10%,"$33,438",23.7,-25.8% lower
IA,Grinnell,"9,481",4.70%,"$45,079",33.6,-20.8% lower
IA,Indianola,"15,544",4.00%,"$52,131",34.7,-12.0% lower
IA,Iowa City,"74,240",3.50%,"$42,119",25.8,-12.8% lower
IA,Lamoni,"2,285",3.20%,"$32,568",23.4,-25.4% lower
IA,Mount Vernon,"4,498",5.30%,"$70,809",22.4,-10.6% lower
IA,Orange City,"6,214",3.00%,"$62,273",34.5,-18.5% lower
IA,Oskaloosa,"11,552",3.90%,"$39,385",36.5,-25.4% lower
IA,Sioux Center,"8,090",3.00%,"$64,238",28.3,-14.9% lower
IA,Storm Lake,"11,166",3.00%,"$44,164",27.9,-25.9% lower
IA,Waverly,"10,278",3.40%,"$62,337",34.6,-18.0% lower
KS,Baldwin City,"4,827",3.70%,"$51,069",31.6,-4.2% lower
KS,Emporia,"24,220",3.40%,"$36,697",28.6,-26.3% lower
KS,Hays,"20,870",2.40%,"$42,166",29.9,-18.6% lower
KS,Lawrence,"94,745",3.70%,"$46,929",27.5,-6.8% lower
KS,Manhattan,"54,794",3.00%,"$43,275",24.8,-14.7% lower
KS,Pittsburg,"20,667",3.70%,"$32,655",25.8,-33.5% lower
KS,Topeka,"126,802",3.90%,"$41,412",37.2,-21.2% lower
KS,Wichita,"394,574",5.90%,"$45,907",34.5,-18.4% lower
KY,Barbourville,"3,048",6.80%,"$30,753",33.2,-18.8% lower
KY,Berea,"15,465",4.50%,"$38,513",29.5,-20.0% lower
KY,Bowling Green,"71,422",4.70%,"$34,036",27.2,-15.4% lower
KY,Campbellsville,"11,345",4.00%,"$31,026",32.4,-27.7% lower
KY,Columbia,"4,936",5.60%,"$23,864",29.7,-30.4% lower
KY,Crestview Hills,"3,383",4.60%,"$74,375",48.1,-1.9% lower
KY,Danville,"17,164",5.50%,"$38,198",36.6,-23.2% lower
KY,Frankfort,"28,479",5.30%,"$40,622",38.2,-20.6% lower
KY,Georgetown,"36,281",4.10%,"$56,854",32.4,-10.3% lower
KY,Grayson,"3,795",8.40%,"$33,186",32.6,-21.8% lower
KY,Highland Heights,"6,896",4.40%,"$49,982",26.4,-12.8% lower
KY,Lexington,"321,354",4.30%,"$48,667",34.3,-9.5% lower
KY,Louisville,"630,260",5.00%,"$44,806",37.2,-10.3% lower
KY,Midway,"1,786",3.80%,"$55,000",39.4,-10.4% lower
KY,Morehead,"6,994",5.90%,"$37,036",22.2,-23.8% lower
KY,Murray,"17,241",5.10%,"$29,993",25.4,-23.1% lower
KY,Owensboro,"59,839",5.10%,"$38,213",37.8,-19.8% lower
KY,Pikeville,"7,376",7.00%,"$37,283",34.7,-17.6% lower
KY,Richmond,"34,662",4.90%,"$30,295",25.8,-15.0% lower
KY,Williamsburg,"5,272",5.40%,"$34,408",22.9,-30.9% lower
KY,Wilmore,"6,025",4.50%,"$41,661",24.7,-12.4% lower
LA,Baton Rouge,"225,539",7.50%,"$38,790",31.1,-8.3% lower
LA,Grambling,"5,127",4.70%,"$23,828",23.8,-21.5% lower
LA,Hammond,"19,374",7.40%,"$31,753",26.8,-12.2% lower
LA,Lafayette,"122,469",5.80%,"$45,682",34.7,-12.0% lower
LA,Monroe,"48,105",7.80%,"$28,565",31.9,-19.2% lower
LA,Natchitoches,"18,105",5.00%,"$26,848",26,-16.8% lower
LA,Ruston,"22,286",4.70%,"$29,560",23.8,-19.2% lower
LA,Thibodaux,"15,242",5.00%,"$39,534",33.9,-12.6% lower
ME,Augusta,"18,895",5.00%,"$38,263",44.8,-17.1% lower
ME,Bangor,"31,920",4.90%,"$36,272",37,-16.0% lower
ME,Bar Harbor,"5,098",7.00%,"$49,233",44.3,12.8% higher
ME,Biddeford,"22,331",5.40%,"$45,729",35.6,5.0% higher
ME,Brunswick,"21,589",4.50%,"$55,833",43.8,6.4% higher
ME,Farmington,"7,424",5.50%,"$36,429",36.7,-18.3% lower
ME,Fort Kent,"4,104",5.90%,"$42,192",47.1,-21.8% lower
ME,Gorham,"18,114",4.50%,"$74,563",38.2,10.6% higher
ME,Lewiston,"36,615",5.70%,"$36,696",40.1,-13.9% lower
ME,Machias,"2,054",7.90%,"$35,231",42.8,-24.8% lower
ME,Orono,"11,481",5.30%,"$43,832",21.8,-12.7% lower
ME,Portland,"68,063",5.20%,"$45,865",36,11.9% higher
ME,Presque Isle,"8,859",5.20%,"$36,706",41.6,-22.9% lower
ME,Waterville,"15,872",5.20%,"$31,995",41.2,-21.3% lower
MD,Annapolis,"40,581",5.40%,"$75,320",37.4,22.2% higher
MD,Chestertown,"5,557",5.50%,"$35,081",37.4,-7.6% lower
MD,College Park,"34,961",6.80%,"$56,736",21.8,21.1% higher
MD,Cumberland,"19,028",6.90%,"$31,750",39.5,-27.1% lower
MD,Emmitsburg,"2,769",4.90%,"$54,728",41.6,-2.0% lower
MD,Frostburg,"7,282",6.90%,"$27,044",23.3,-25.4% lower
MD,Germantown,"90,235",5.70%,"$86,472",34.9,15.5% higher
MD,Princess Anne,"3,415",7.40%,"$24,559",29.6,-21.3% lower
MD,Salisbury,"32,583",8.00%,"$37,131",27.8,-17.4% lower
MD,Silver Spring,"82,472",5.70%,"$72,289",34.6,30.8% higher
MD,Takoma Park,"17,610",5.70%,"$78,106",38.4,49.4% higher
MD,Towson,"59,014",6.00%,"$74,916",33.6,15.6% higher
MD,Westminster,"19,783",4.20%,"$55,051",33.1,10.5% higher
MA,Bridgewater,"28,205",7.10%,"$88,481",35,29.1% higher
MA,Cambridge,"116,892",3.70%,"$75,909",30.4,73.7% higher
MA,Dudley,"11,890",6.20%,"$68,053",37.9,7.3% higher
MA,North Grafton,"4,256",9.00%,"$62,194",49.3,26.8% higher
MA,Paxton,"5,005",4.00%,"$99,375",41.2,16.6% higher
MA,Worcester,"203,867",7.60%,"$46,105",34.2,5.1% higher
MA,Dartmouth,"34,054",6.40%,"$68,684",40.9,17.5% higher
MA,Fitchburg,"41,796",9.40%,"$46,628",35.4,1.3% higher
MA,Amherst,"40,643",3.80%,"$52,537",21.4,8.7% higher
MA,Northampton,"29,379",4.50%,"$58,179",39.4,5.5% higher
MA,South Hadley,"18,051",6.30%,"$62,803",40.3,-2.1% lower
MA,Lowell,"114,804",8.00%,"$49,164",33.3,14.5% higher
MA,Medford,"60,708",5.40%,"$77,868",35.8,53.5% higher
MA,North Adams,"13,024",8.90%,"$37,654",43.1,-16.0% lower
MA,North Andover,"30,671",4.90%,"$100,544",39.9,40.9% higher
MA,Somerville,"80,608",4.40%,"$66,866",31.5,63.6% higher
MA,Springfield,"155,770",11.20%,"$34,731",32.9,-7.9% lower
MA,Waltham,"64,655",5.90%,"$73,162",34.2,49.2% higher
MA,Wellesley,"29,365",5.80%,"$159,615",35.9,136.0% higher
MA,Westfield,"40,922",6.70%,"$60,845",38,-1.2% lower
MA,Williamstown,"7,678",8.00%,"$73,397",29.9,0.9% higher
MI,Adrian,"20,674",5.50%,"$31,576",33.6,-21.3% lower
MI,Albion,"8,061",6.40%,"$25,197",29.1,-23.8% lower
MI,Allendale,"23,999",4.30%,"$46,884",21,-3.7% lower
MI,Alma,"9,426",5.60%,"$33,403",30.7,-28.6% lower
MI,Berrien Springs,"1,931",5.80%,"$35,326",34.2,-18.1% lower
MI,Dearborn,"107,985",3.60%,"$46,776",32.2,-4.3% lower
MI,East Lansing,"47,427",3.70%,"$33,064",21.3,-9.8% lower
MI,Flint,"83,312",12.60%,"$24,679",35,-28.7% lower
MI,Hillsdale,"8,196",5.40%,"$30,968",29.1,-24.5% lower
MI,Holland,"34,067",5.00%,"$44,619",29.9,-8.9% lower
MI,Houghton,"7,675",5.40%,"$28,688",22.3,-14.1% lower
MI,Kalamazoo,"74,020",6.30%,"$32,959",26.2,-16.1% lower
MI,Lansing,"113,592",7.40%,"$35,675",32.3,-21.4% lower
MI,Marquette,"20,561",5.90%,"$35,719",27.8,-9.8% lower
MI,Midland,"42,425",4.20%,"$50,433",38.7,-14.4% lower
MI,Mount Pleasant,"21,880",5.50%,"$29,107",22.1,-22.5% lower
MI,Olivet,"1,610",4.90%,"$41,905",20.5,-15.0% lower
MI,Saginaw,"44,796",11.70%,"$29,049",35.7,-20.7% lower
MI,Sault Ste. Marie,"13,523",7.30%,"$32,125",33.1,-25.3% lower
MI,Ypsilanti,"20,448",6.30%,"$32,148",24.4,-4.4% lower
MI,Warren,"138,996",5.20%,"$43,500",39.4,-7.2% lower
MN,Bemidji,"15,114",5.10%,"$33,197",28.9,-26.4% lower
MN,Crookston,"7,509",4.90%,"$47,786",34.2,-24.0% lower
MN,Duluth,"86,711",3.90%,"$43,518",33.8,-14.3% lower
MN,Faribault,"24,310",4.20%,"$50,428",37.1,-12.7% lower
MN,Mankato,"43,938",3.70%,"$42,929",25.5,-13.7% lower
MN,Marshall,"13,728",4.20%,"$47,042",32,-21.3% lower
MN,Moorhead,"44,129",3.30%,"$49,514",29.7,-13.9% lower
MN,Morris,"5,190",3.80%,"$41,975",30.7,-26.5% lower
MN,Northfield,"20,374",4.20%,"$58,375",27.5,2.4% higher
MN,North Mankato,"14,356",3.60%,"$56,488",38,-12.8% lower
MN,Rochester,"119,732",3.60%,"$63,472",35.5,-7.5% lower
MN,St. Cloud,"68,430",5.80%,"$44,485",29.9,-15.0% lower
MN,St. Peter,"11,699",3.60%,"$56,071",29.7,-15.1% lower
MN,Winona,"26,199",3.60%,"$40,113",29.4,-22.2% lower
MS,Blue Mountain,"1,475",5.60%,"$36,250",27.7,-28.6% lower
MS,Clinton,"27,830",4.40%,"$60,161",34,-15.7% lower
MS,Columbus,"23,858",7.40%,"$29,335",37.5,-25.8% lower
MS,Hattiesburg,"47,074",6.30%,"$27,827",28.7,-21.7% lower
MS,Holly Springs,"6,743",6.20%,"$27,591",32.4,-27.2% lower
MS,Itta Bena,"1,614",9.50%,"$22,867",33.5,-34.7% lower
MS,Jackson,"156,803",7.70%,"$33,080",32.4,-18.2% lower
MS,Laurel,"17,375",6.20%,"$28,002",34.9,-28.0% lower
MS,Oxford,"25,859",4.50%,"$31,230",26.1,-17.3% lower
MS,Southaven,"54,141",4.10%,"$58,712",36,-11.8% lower
MS,Starkville,"24,578",5.80%,"$31,357",26.7,-18.0% lower
MS,Tougaloo,"2,207",12.30%,"$13,932",28.5,-31.9% lower
MO,Bolivar,"10,718",3.50%,"$36,156",29.5,-21.3% lower
MO,Cape Girardeau,"39,415",3.80%,"$40,077",33.1,-18.6% lower
MO,Columbia,"124,342",3.00%,"$43,776",27.6,-10.2% lower
MO,Fayette,"2,709",3.10%,"$33,558",30.3,-22.9% lower
MO,Fulton,"12,691",3.50%,"$40,274",32,-19.3% lower
MO,Kirksville,"17,600",4.50%,"$27,840",23.1,-26.1% lower
MO,Maryville,"11,070",2.90%,"$26,611",23.6,-22.6% lower
MO,Rolla,"19,949",3.70%,"$32,478",25.3,-22.5% lower
MO,Warrensburg,"19,509",4.70%,"$41,683",24.6,-19.0% lower
MT,Billings,"115,689",4.10%,"$49,265",37,-6.6% lower
MT,Bozeman,"51,574",3.00%,"$46,422",28,25.3% higher
MT,Dillon,"3,930",3.50%,"$37,827",31.5,-12.1% lower
MT,Great Falls,"60,381",4.20%,"$43,374",39.2,-12.6% lower
MT,Havre,"9,417",3.70%,"$44,601",34.6,-18.5% lower
MT,Helena,"32,060",3.30%,"$50,311",40.8,-0.6% lower
MT,Missoula,"73,300",4.40%,"$41,968",32.7,12.1% higher
NE,Bellevue,"62,888",3.20%,"$59,123",34.3,-8.3% lower
NE,Chadron,"5,376",1.90%,"$36,439",27.9,-20.2% lower
NE,Crete,"7,224",2.90%,"$38,542",32.5,-20.3% lower
NE,Fremont,"27,245",2.50%,"$47,239",37,-19.2% lower
NE,Hastings,"25,247",2.60%,"$46,840",36.4,-22.1% lower
NE,Kearney,"33,558",2.10%,"$48,433",31.2,-10.5% lower
NE,Lincoln,"289,136",2.90%,"$49,794",32.4,-8.5% lower
NE,Omaha,"488,059",3.40%,"$48,751",34.3,-10.2% lower
NE,Peru,833,2.20%,"$40,086",22.7,-27.4% lower
NE,Seward,"7,651",3.10%,"$58,261",33.9,-9.5% lower
NE,Wayne,"5,847",2.00%,"$40,324",23.3,-18.3% lower
NE,York,"8,091",2.00%,"$48,622",37.1,-22.1% lower
NV,Henderson,"311,250",7.30%,"$63,830",42.2,16.6% higher
NV,Incline Village,"9,440",4.60%,"$69,984",48.9,101.4% higher
NV,Reno,"259,913",4.60%,"$46,489",35.5,21.0% higher
NH,Durham,"15,410",3.00%,"$67,578",20.9,15.9% higher
NH,Hanover,"11,612",2.90%,"$94,063",24.4,40.1% higher
NH,Henniker,"5,671",3.00%,"$65,867",31.3,-0.3% lower
NH,Keene,"22,969",3.10%,"$52,327",34.7,-13.7% lower
NH,New London,"4,301",2.30%,"$67,500",44.7,14.7% higher
NH,Pinardville,"4,849",3.30%,"$59,671",42.9,1.5% higher
NH,Plymouth,"6,645",2.90%,"$32,459",22.2,-9.6% lower
NJ,Ewing,"37,284",6.20%,"$77,479",38,-4.6% lower
NJ,Jersey City,"287,146",8.30%,"$58,907",33.9,44.4% higher
NJ,Glassboro,"20,284",7.30%,"$64,136",30.3,-1.5% lower
NJ,Madison,"16,819",6.20%,"$109,737",39.7,61.3% higher
NJ,Montclair,"40,520",9.60%,"$97,907",39.5,72.4% higher
NJ,Newark,"306,247",13.00%,"$34,012",33.6,22.8% higher
NJ,New Brunswick,"55,671",6.60%,"$38,399",23.5,14.8% higher
NJ,Paterson,"157,927",14.80%,"$33,964",33.1,17.6% higher
NJ,Princeton,"30,717",3.60%,"$116,875",34.3,48.1% higher
NJ,Ramsey,"14,801",7.40%,"$122,165",44.9,47.7% higher
NJ,South Orange,"18,049",9.60%,"$119,888",33.5,68.0% higher
NJ,West Long Branch,"8,470",6.80%,"$82,067",33.4,34.2% higher
NM,Albuquerque,"562,336",7.40%,"$47,413",36.2,-9.2% lower
NM,Hobbs,"39,476",12.10%,"$53,750",31.1,-20.8% lower
NM,Las Cruces,"109,934",7.10%,"$40,658",32.6,-16.5% lower
NM,Las Vegas,"13,247",8.20%,"$21,539",37.1,-26.6% lower
NM,Portales,"12,151",6.10%,"$33,642",27.1,-32.0% lower
NM,Rio Rancho,"102,403",7.60%,"$59,243",38.1,-6.0% lower
NM,Silver City,"9,694",8.20%,"$38,258",36.7,-22.2% lower
NM,Socorro,"8,553",6.60%,"$32,981",27.6,-26.6% lower
NY,Albany,"99,402",7.10%,"$41,099",30.9,-3.5% lower
NY,Aurora,"13,936",7.20%,"$72,787",45.8,-0.8% lower
NY,Binghamton,"47,828",7.70%,"$30,828",36.4,-25.3% lower
NY,Brockport,"7,246",6.70%,"$38,750",22,-11.7% lower
NY,Cortland,"17,577",6.90%,"$40,229",27.9,-21.7% lower
NY,Cobleskill (town),"6,064",6.50%,"$44,454",33.1,-10.3% lower
NY,Delhi (town),"4,944",6.50%,"$47,596",25.2,-16.6% lower
NY,Fredonia,"10,018",7.40%,"$45,714",25.4,-22.7% lower
NY,Geneseo,"10,712",5.80%,"$42,138",21.8,-12.0% lower
NY,Geneva,"12,577",5.80%,"$40,428",29.6,-18.8% lower
NY,Hamilton (village),"6,107",6.30%,"$52,872",22.7,-15.4% lower
NY,Ithaca,"31,819",4.50%,"$30,318",21.8,-1.6% lower
NY,Newburgh,"28,834",8.60%,"$33,125",27.9,12.6% higher
NY,New Paltz,"14,421",6.20%,"$66,164",24.7,-4.0% lower
NY,New Rochelle,"80,685",7.30%,"$68,270",39.4,62.7% higher
NY,Oneonta,"12,764",6.30%,"$38,034",21.9,-20.5% lower
NY,Oswego,"17,105",7.50%,"$39,466",34.9,-22.8% lower
NY,Plattsburgh,"19,969",6.20%,"$34,460",28.4,-21.8% lower
NY,Rochester,"211,100",9.80%,"$30,784",31.7,-16.8% lower
NY,Saratoga Springs,"28,110",5.00%,"$67,303",39.7,15.8% higher
NY,Schenectady,"66,809",8.60%,"$38,916",36.4,-7.0% lower
NY,Syracuse,"146,781",8.60%,"$31,566",30.6,-15.9% lower
NY,Tivoli,799,5.80%,"$45,000",31.3,16.8% higher
NY,Troy,"50,717",7.20%,"$39,526",30.6,-7.6% lower
NY,Utica,"64,723",8.30%,"$31,173",34,-16.3% lower
NY,Valhalla,"3,135",6.20%,"$106,413",43.6,52.7% higher
NY,West Point,"6,386",6.10%,"$96,458",21.2,30.6% higher
NY,Yonkers,"209,730",7.60%,"$61,132",38.8,47.2% higher
NC,Asheville,"93,272",4.50%,"$44,077",38.6,5.7% higher
NC,Banner Elk,"1,350",4.10%,"$60,000",21.6,-0.8% lower
NC,Belmont,"14,442",5.00%,"$51,167",38.4,-2.0% lower
NC,Boiling Springs,"4,511",5.10%,"$59,038",23,-15.0% lower
NC,Boone,"18,055",3.40%,"$13,608",21.3,-3.0% lower
NC,Brevard,"7,712",4.00%,"$38,686",48.4,-8.0% lower
NC,Buies Creek,"3,522",4.90%,"$31,959",20.7,-10.7% lower
NC,Chapel Hill,"60,920",3.20%,"$62,620",26.4,16.0% higher
NC,Cullowhee,"6,538",4.40%,"$15,607",20.1,-4.1% lower
NC,Davidson,"14,644",4.70%,"$94,551",35.9,16.8% higher
NC,Durham,"279,106",4.10%,"$49,585",33.6,-2.5% lower
NC,Elizabeth City,"18,466",5.20%,"$31,188",32.7,-15.7% lower
NC,Elon,"11,059",4.50%,"$42,545",21.9,-11.3% lower
NC,Fayetteville,"208,497",7.10%,"$44,514",30,-18.0% lower
NC,Greensboro,"295,483",5.60%,"$41,518",35,-17.3% lower
NC,Greenville,"87,815",4.90%,"$35,225",26.8,-15.8% lower
NC,Hickory,"42,831",4.50%,"$42,393",38.2,-11.8% lower
NC,High Point,"113,148",5.90%,"$43,015",36.4,-19.5% lower
NC,Laurinburg,"15,242",8.90%,"$28,216",37.5,-29.9% lower
NC,Mars Hill,"2,802",4.10%,"$41,385",23.3,-5.3% lower
NC,Misenheimer,702,4.10%,"$35,000",20.6,-23.3% lower
NC,Montreat,343,4.30%,"$61,250",21.8,21.7% higher
NC,Mount Olive,"4,155",4.80%,"$25,727",36.6,-22.3% lower
NC,Murfreesboro,"2,585",5.30%,"$42,279",28.6,-21.9% lower
NC,Pembroke,"2,865",6.80%,"$16,444",24.5,-25.5% lower
NC,Raleigh,"462,219",4.30%,"$54,581",33.1,2.4% higher
NC,Rocky Mount,"54,375",8.40%,"$36,724",37.8,-24.4% lower
NC,Salisbury,"35,258",6.90%,"$34,230",38.2,-14.8% lower
NC,Wilmington,"115,976",4.30%,"$42,130",36,-3.5% lower
NC,Wilson,"47,914",7.20%,"$38,030",38.1,-21.5% lower
NC,Wingate,"3,830",3.70%,"$37,222",23.4,-8.2% lower
NC,Winston-Salem,"247,917",5.20%,"$40,480",35.3,-18.7% lower
ND,Bismarck,"73,321",4.00%,"$57,660",37.1,-5.5% lower
ND,Dickinson,"24,851",6.30%,"$69,956",33.1,-8.3% lower
ND,Fargo,"124,979",3.60%,"$46,311",30.3,-10.5% lower
ND,Jamestown,"15,823",4.00%,"$47,985",37.4,-20.1% lower
ND,Mayville,"1,964",3.40%,"$42,125",32.4,-25.5% lower
ND,Minot,"48,005",5.90%,"$57,248",31.8,-15.1% lower
ND,Valley City,"6,586",3.70%,"$50,000",43.9,-20.9% lower
OH,Ada,"5,187",4.50%,"$38,170",21.8,-24.8% lower
OH,Akron,"191,483",6.90%,"$34,139",36.7,-31.1% lower
OH,Alliance,"21,864",5.40%,"$31,863",36.5,-27.0% lower
OH,Ashland,"19,544",4.00%,"$39,215",36.1,-28.9% lower
OH,Athens,"24,507",4.30%,"$17,358",21.4,-20.6% lower
OH,Berea,"18,724",5.50%,"$54,534",37.7,-16.9% lower
OH,Bluffton,"3,820",5.40%,"$62,870",40.2,-16.5% lower
OH,Cedarville,"4,148",4.30%,"$33,295",20.7,-14.0% lower
OH,Columbus,"898,143",5.70%,"$44,774",32.2,-13.6% lower
OH,University District,"13,950",5.50%,"$67,971",29.5,-13.6% lower
OH,Dayton,"138,416",6.80%,"$28,174",33.1,-28.9% lower
OH,Delaware,"41,004",3.50%,"$54,683",34.5,1.5% higher
OH,Fairborn,"34,398",4.80%,"$42,545",33.1,-21.0% lower
OH,Findlay,"40,323",5.30%,"$43,948",36.8,-22.3% lower
OH,Gambier,"2,311",3.70%,"$55,417",20.9,-13.1% lower
OH,Granville,"5,675",3.80%,"$101,814",21.5,6.3% higher
OH,Hiram,"1,322",4.80%,"$47,708",20.5,-11.7% lower
OH,Kent,"27,912",4.60%,"$35,210",23.3,-19.0% lower
OH,Nelsonville,"4,319",4.30%,"$23,785",28.9,-31.9% lower
OH,New Concord,"2,632",5.10%,"$44,342",21.2,-19.3% lower
OH,Oberlin,"8,253",4.20%,"$52,632",23.8,-22.9% lower
OH,Oxford,"22,783",4.10%,"$28,129",21.2,-12.7% lower
OH,Perrysburg Township,"13,007",4.20%,"$53,988",41.1,-16.5% lower
OH,Rio Grande,"1,259",5.40%,"$16,307",20.9,-16.9% lower
OH,Springfield,"58,992",5.90%,"$31,327",36.9,-24.1% lower
OH,Steubenville,"18,122",5.90%,"$31,219",42.2,-29.5% lower
OH,Tiffin,"17,882",4.40%,"$39,530",34.3,-28.2% lower
OH,Toledo,"271,454",6.70%,"$33,485",35.2,-27.8% lower
OH,Wilberforce,"2,386",4.30%,"$36,435",19.9,-17.7% lower
OH,Wooster,"26,753",3.60%,"$41,143",36.6,-19.8% lower
OH,Yellow Springs,"3,750",4.30%,"$61,402",47.4,-5.2% lower
OH,Youngstown,"61,274",7.90%,"$24,361",39.4,-33.9% lower
OK,Ada,"16,804",3.80%,"$33,943",31.7,-25.7% lower
OK,Alva,"5,056",2.20%,"$46,127",31.6,-26.8% lower
OK,Bethany,"20,542",4.40%,"$42,387",34.8,-18.3% lower
OK,Durant,"18,358",3.60%,"$35,584",32.3,-21.6% lower
OK,Edmond,"93,522",3.20%,"$71,825",35,-3.7% lower
OK,Goodwell,"1,152",1.60%,"$39,063",23.4,-23.3% lower
OK,Langston,"1,435",3.40%,"$42,188",20.9,-24.9% lower
OK,Lawton,"91,247",4.20%,"$43,263",30.8,-25.7% lower
OK,Midwest City,"58,146",4.70%,"$45,196",34.7,-19.2% lower
OK,Norman,"125,745",3.30%,"$50,714",30.1,-13.0% lower
OK,Oklahoma City,"673,183",4.40%,"$47,004",34.1,-15.6% lower
OK,Stillwater,"48,055",3.00%,"$32,255",23.8,-17.3% lower
OK,Tahlequah,"16,213",4.20%,"$29,630",28.3,-25.4% lower
OK,Tulsa,"410,652",4.70%,"$41,957",34.9,-17.6% lower
OK,Weatherford,"12,034",3.50%,"$38,077",24.8,-15.6% lower
OR,Ashland,"21,348",6.70%,"$43,500",44.3,20.9% higher
OR,Corvallis,"59,407",4.70%,"$40,425",27,9.1% higher
OR,Eugene,"173,278",6.30%,"$42,715",34.1,7.3% higher
OR,Forest Grove,"25,767",5.40%,"$48,365",33.1,21.1% higher
OR,Klamath Falls,"21,710",8.40%,"$33,604",34.9,-14.2% lower
OR,La Grande,"13,212",7.40%,"$36,536",34.3,-16.0% lower
OR,Lebanon,"18,150",6.80%,"$40,791",37.5,-3.8% lower
OR,McMinnville,"34,224",6.50%,"$44,451",36.1,12.8% higher
OR,Monmouth,"10,735",5.90%,"$35,750",23.6,5.6% higher
OR,Newberg,"25,108",5.80%,"$54,856",33.7,22.5% higher
OR,Salem,"174,193",6.20%,"$46,273",35.2,2.4% higher
PA,Abington Township,"58,131",6.00%,"$75,557",42.7,21.1% higher
PA,Allentown,"125,250",12.30%,"$36,578",31.8,-7.0% lower
PA,Altoona,"44,114",8.10%,"$36,258",38,-25.2% lower
PA,Annville,"5,029",6.30%,"$52,870",23.3,-14.3% lower
PA,Bethlehem,"75,599",8.40%,"$46,902",35.1,-4.2% lower
PA,Bloomsburg,"12,850",6.60%,"$29,694",22.6,-17.4% lower
PA,Bradford,"7,913",8.00%,"$32,070",36.7,-31.3% lower
PA,California,"5,628",7.90%,"$34,338",25.1,-22.7% lower
PA,Carlisle,"19,869",5.10%,"$46,614",32.7,-7.8% lower
PA,Chambersburg,"22,141",5.90%,"$40,936",35.4,-13.3% lower
PA,Clarion,"3,679",7.20%,"$29,658",35.1,-23.4% lower
PA,Collegeville,"4,986",5.60%,"$105,662",22.1,17.2% higher
PA,Cresson,"2,989",8.10%,"$48,029",36,-21.2% lower
PA,Dunmore,"14,009",8.10%,"$48,422",42.2,-19.1% lower
PA,Easton,"27,860",9.30%,"$39,773",34.2,-3.1% lower
PA,East Stroudsburg,"9,820",8.70%,"$45,375",29.2,-9.3% lower
PA,Edinboro,"5,097",9.10%,"$34,258",22.6,-11.8% lower
PA,Erie,"95,536",10.70%,"$33,007",34.7,-20.9% lower
PA,Gettysburg,"7,423",4.90%,"$31,158",22.7,-5.3% lower
PA,Glenside,"7,411",5.60%,"$83,929",38,12.5% higher
PA,Greensburg,"14,982",7.40%,"$38,339",38.8,-12.5% lower
PA,Grove City,"7,942",8.40%,"$42,984",25.3,-17.3% lower
PA,Harrisburg,"49,969",13.40%,"$32,476",31.1,-11.9% lower
PA,Hershey,"14,619",7.20%,"$54,118",39.7,2.8% higher
PA,Huntingdon,"6,851",8.80%,"$40,461",31.7,-21.0% lower
PA,Indiana,"7,261",7.10%,"$85,286",46.2,2.0% higher
PA,Johnstown,"18,647",11.70%,"$25,376",42.9,-30.8% lower
PA,Kennett Square,"5,959",4.70%,"$67,378",35.4,20.1% higher
PA,Kutztown,"4,257",7.60%,"$46,288",33.4,-2.0% lower
PA,Lancaster,"58,034",10.40%,"$33,772",31.6,-8.7% lower
PA,Lemoyne,"4,647",5.10%,"$44,167",38.5,-10.9% lower
PA,Lewisburg,"5,336",5.20%,"$46,326",24.2,-9.6% lower
PA,Lock Haven,"8,458",7.80%,"$26,139",23.9,-20.3% lower
PA,Loretto,"1,231",8.10%,"$19,250",20.1,-23.0% lower
PA,Lower Merion Township,588,7.90%,"$42,917",47.7,-22.2% lower
PA,Mansfield,"2,933",7.90%,"$37,000",32.4,-16.8% lower
PA,Meadville,"12,999",7.90%,"$32,259",36.7,-25.8% lower
PA,Mechanicsburg,"9,310",5.10%,"$58,342",42.2,-1.6% lower
PA,Mont Alto,"1,663",5.90%,"$55,573",32.1,-16.2% lower
PA,Millersville,"7,698",5.60%,"$45,946",22.8,-3.1% lower
PA,New Wilmington,"2,199",9.30%,"$55,273",21.5,-19.7% lower
PA,Pittsburgh,"303,207",7.10%,"$40,009",32.9,-8.1% lower
PA,Reading,"94,161",14.80%,"$26,867",29.3,-10.7% lower
PA,Scranton,"75,987",8.70%,"$37,551",36.3,-21.0% lower
PA,Selinsgrove,"5,774",5.90%,"$41,265",31.4,-13.3% lower
PA,Shippensburg,"4,328",5.10%,"$24,191",21.5,-13.5% lower
PA,State College,"40,352",4.00%,"$26,627",21.6,0.4% higher
PA,State College,"40,352",4.00%,"$26,627",21.6,0.4% higher
PA,Swarthmore,"6,560",7.10%,"$105,197",30.9,12.4% higher
PA,Waynesburg,"4,007",8.40%,"$41,695",28.5,-20.1% lower
PA,West Chester,"18,592",4.70%,"$48,779",23.8,24.3% higher
PA,Wilkes-Barre,"44,086",12.10%,"$31,361",34.6,-30.0% lower
PA,Williamsport,"27,908",9.20%,"$33,537",31.7,-19.4% lower
RI,Bristol,"22,305",5.90%,"$60,988",41.9,16.0% higher
RI,Kingston,"6,496",6.50%,"$71,813",19.6,19.9% higher
RI,Newport,"25,322",6.80%,"$61,320",35.9,41.7% higher
RI,Providence,"188,812",8.60%,"$37,514",29.8,8.1% higher
RI,Smithfield,"21,855",6.40%,"$71,305",43.9,13.9% higher
RI,Warwick,"82,666",6.00%,"$62,803",45.1,3.6% higher
SC,Beaufort,"12,899",4.10%,"$46,915",36.7,-7.5% lower
SC,Central,"5,229",4.20%,"$24,581",24.6,-17.0% lower
SC,Charleston,"147,928",4.00%,"$52,971",34.4,9.8% higher
SC,Clemson,"17,238",4.20%,"$33,632",23.9,-6.1% lower
SC,Clinton,"7,753",5.10%,"$28,268",36.2,-25.0% lower
SC,Columbia,"137,276",5.20%,"$41,454",28.3,-15.5% lower
SC,Due West,"1,078",5.40%,"$47,625",21.6,-24.8% lower
SC,Florence,"39,816",4.80%,"$43,007",38.2,-19.7% lower
SC,Greenville,"69,725",4.40%,"$41,147",34.6,-11.3% lower
SC,Greenwood,"22,363",5.50%,"$24,760",33.7,-27.2% lower
SC,North Charleston,"114,542",5.50%,"$39,446",32.5,-9.0% lower
SC,Orangeburg,"12,779",7.80%,"$28,967",29.8,-28.3% lower
SC,Rock Hill,"72,883",5.40%,"$40,718",33.5,-7.8% lower
SC,Spartanburg,"37,990",6.70%,"$34,092",35,-18.8% lower
SD,Aberdeen,"28,500",3.00%,"$47,540",34.9,-21.7% lower
SD,Brookings,"23,432",3.10%,"$41,061",24.1,-16.0% lower
SD,Madison,"6,388",3.00%,"$37,045",33.1,-20.2% lower
SD,Rapid City,"73,942",3.10%,"$46,392",37.1,-4.4% lower
SD,Sioux Falls,"189,258",3.20%,"$52,607",34.3,-9.1% lower
SD,Spearfish,"12,031",3.00%,"$39,758",32.5,-4.1% lower
SD,Vermillion,"11,506",2.70%,"$28,690",23.4,-19.8% lower
TN,Chattanooga,"180,353",5.60%,"$39,683",37,-13.5% lower
TN,Clarksville,"163,518",6.20%,"$47,489",29.4,-11.2% lower
TN,Collegedale,"10,973",4.80%,"$49,688",33.6,-4.9% lower
TN,Cookeville,"34,068",5.40%,"$29,240",29.5,-12.1% lower
TN,Harrogate,"4,296",5.80%,"$46,824",37.7,-25.5% lower
TN,Henderson,"6,232",4.40%,"$36,404",26.6,-24.2% lower
TN,Johnson City,"69,521",4.70%,"$39,121",36.4,-18.1% lower
TN,Knoxville,"189,339",4.70%,"$33,494",32.6,-10.4% lower
TN,Lebanon,"37,471",5.00%,"$41,051",35.3,3.2% higher
TN,Martin,"10,536",4.60%,"$30,189",24.2,-26.9% lower
TN,Memphis,"634,139",8.00%,"$37,099",33.7,-22.5% lower
TN,McKenzie,"5,590",5.70%,"$35,036",38.8,-30.7% lower
TN,Murfreesboro,"148,970",4.30%,"$50,337",30.3,0.9% higher
TN,Nashville,"682,646",4.50%,"$46,758",34.1,3.1% higher
TN,Sewanee,"2,651",4.60%,"$74,890",21.5,-9.3% lower
TX,Abilene,"125,474",5.60%,"$42,766",31.2,-20.7% lower
TX,Alpine,"5,884",5.90%,"$36,414",38.7,-15.7% lower
TX,Amarillo,"200,371",4.90%,"$47,053",33.7,-22.2% lower
TX,Arlington,"392,304",7.00%,"$53,055",33.1,0.8% higher
TX,Austin,"944,658",5.10%,"$55,216",32.7,29.4% higher
TX,Beaumont,"115,013",10.10%,"$39,191",34.3,-22.1% lower
TX,Belton,"22,866",7.10%,"$51,742",28.1,-10.0% lower
TX,Big Spring,"26,199",8.30%,"$43,750",34.9,-25.4% lower
TX,Brownsville,"185,849",10.40%,"$32,288",30.3,-26.6% lower
TX,Brenham,"17,385",6.30%,"$43,506",34.4,-14.2% lower
TX,Bryan,"85,204",5.70%,"$39,231",30.7,-19.3% lower
TX,Canyon,"14,669",4.40%,"$41,080",26.4,-12.1% lower
TX,College Station,"116,276",4.60%,"$33,434",22.7,-11.5% lower
TX,Commerce,"8,667",6.50%,"$19,301",24.8,-12.2% lower
TX,Corpus Christi,"318,168",8.50%,"$49,675",34.9,-16.3% lower
TX,Denton,"139,704",5.90%,"$48,518",29.1,-2.7% lower
TX,Edinburg,"98,759",7.70%,"$42,498",27.5,-22.4% lower
TX,El Paso,"676,395",7.40%,"$42,037",32.8,-18.0% lower
TX,Fort Worth,"908,469",7.30%,"$52,492",32.2,0.2% higher
TX,Galveston,"53,092",8.40%,"$38,008",38.5,-6.3% lower
TX,Georgetown,"66,514",6.10%,"$62,219",47.4,17.1% higher
TX,Garland,"245,075",6.50%,"$51,997",34.5,-0.3% lower
TX,Huntsville,"45,446",8.70%,"$29,257",29.5,-15.2% lower
TX,Irving,"254,184",6.60%,"$50,942",31.9,2.0% higher
TX,Keene,"6,254",6.30%,"$32,314",28.3,-6.2% lower
TX,Killeen,"150,082",8.70%,"$48,283",28.2,-19.6% lower
TX,Kingsville,"25,415",8.70%,"$36,500",26.5,-28.4% lower
TX,Laredo,"254,697",7.90%,"$39,408",28.6,-18.0% lower
TX,Lubbock,"255,537",5.90%,"$44,139",29.4,-19.3% lower
TX,McAllen,"141,941",7.90%,"$43,476",32.9,-21.2% lower
TX,Mesquite,"149,848",7.40%,"$49,837",32.8,-2.2% lower
TX,Nacogdoches,"32,347",7.10%,"$31,442",24.3,-23.5% lower
TX,Odessa,"112,640",9.90%,"$56,119",30.6,-15.8% lower
TX,Pasadena,"151,964",9.50%,"$46,585",31.3,-8.6% lower
TX,Pearland,"122,609",6.30%,"$94,653",35.1,4.2% higher
TX,Plainview,"20,180",7.40%,"$42,419",32.2,-31.5% lower
TX,Plano,"282,181",5.50%,"$82,944",38.8,9.1% higher
TX,Prairie View,"6,464",7.90%,"$28,929",20,-16.8% lower
TX,Richardson,"115,904",5.80%,"$70,959",37,11.7% higher
TX,San Angelo,"99,401",6.40%,"$42,855",33,-19.6% lower
TX,San Marcos,"64,812",5.90%,"$27,261",23.8,0.1% higher
TX,Stephenville,"20,504",5.40%,"$35,015",24.6,-19.1% lower
TX,Texarkana,"36,256",7.80%,"$38,810",36.6,-22.0% lower
TX,Tyler,"104,945",6.30%,"$42,752",33.4,-17.2% lower
TX,University Park,"25,029",5.30%,"$176,836",32.9,135.0% higher
TX,Waco,"136,800",6.60%,"$32,864",28.6,-21.1% lower
TX,Wichita Falls,"102,563",6.90%,"$43,751",32.8,-24.3% lower
UT,Cedar City,"34,246",3.00%,"$40,061",26.7,-10.6% lower
UT,Ephraim,"5,671",3.00%,"$37,604",22.3,-10.7% lower
UT,Logan,"52,420",2.00%,"$35,770",23.9,-5.1% lower
UT,Ogden,"86,110",3.80%,"$40,937",31,-0.5% lower
UT,Orem,"96,734",2.60%,"$54,048",25.9,10.5% higher
UT,Provo,"113,538",2.10%,"$40,359",23.7,8.7% higher
UT,South Jordan,"75,617",2.60%,"$91,228",32.7,32.4% higher
UT,St. George,"92,875",2.90%,"$48,188",36.2,7.8% higher
VT,Bennington,"15,345",4.70%,"$36,990",43,-15.7% lower
VT,Burlington,"44,703",3.20%,"$42,745",26.7,12.3% higher
VT,Castleton,"4,605",3.20%,"$54,549",35.3,-8.0% lower
VT,Colchester,"17,547",2.60%,"$68,440",36.6,10.9% higher
VT,Craftsbury,"1,058",4.30%,"$47,841",40.1,-7.3% lower
VT,Johnson,"3,552",4.40%,"$32,169",28.2,-8.3% lower
VT,Lyndonville,"1,317",3.50%,"$31,688",27.1,-15.6% lower
VT,Middlebury,"9,029",2.60%,"$52,227",30.3,-2.8% lower
VT,Northfield,"6,271",2.60%,"$72,328",31.5,-7.4% lower
VA,Alexandria,"158,185",4.90%,"$87,319",36.4,40.3% higher
VA,Amherst,"2,504",4.80%,"$43,065",45,-13.9% lower
VA,Arlington County,"235,764",4.00%,"$105,120",34.4,61.6% higher
VA,Blacksburg,"44,385",4.00%,"$29,271",22,-4.5% lower
VA,Bridgewater,"6,092",4.00%,"$54,188",34.1,-7.3% lower
VA,Charlottesville,"46,597",4.70%,"$47,218",30.9,7.3% higher
VA,Chesapeake,"247,172",5.00%,"$70,176",36.6,3.3% higher
VA,Farmville,"7,266",5.70%,"$28,667",22.5,-20.3% lower
VA,Fredericksburg,"28,027",6.10%,"$49,454",29.9,8.2% higher
VA,Hampton,"136,748",7.20%,"$49,879",35.8,-12.0% lower
VA,Harrisonburg,"52,062",5.20%,"$38,807",24.8,-11.0% lower
VA,Lexington,"7,287",6.50%,"$36,840",21.6,-14.3% lower
VA,Lynchburg,"78,973",6.70%,"$39,391",28.3,-17.9% lower
VA,Newport News,"185,069",7.20%,"$51,000",33.2,-8.7% lower
VA,Norfolk,"238,556",7.30%,"$44,150",30.4,-8.2% lower
VA,Portsmouth,"97,454",8.50%,"$46,239",35.2,-9.5% lower
VA,Radford,"16,205",5.30%,"$30,284",22.7,-16.5% lower
VA,Richmond,"225,676",7.10%,"$41,331",33.5,-3.9% lower
VA,Roanoke,"99,578",6.30%,"$39,530",38.4,-16.5% lower
VA,Staunton,"25,358",5.10%,"$39,982",42,-18.3% lower
VA,Virginia Beach,"457,658",4.80%,"$67,001",35.6,3.3% higher
VA,Williamsburg,"15,299",6.40%,"$48,057",24.5,0.3% higher
VA,Wise,"2,976",6.70%,"$48,299",43.3,-26.3% lower
WA,Bellingham,"90,545",6.20%,"$42,440",31.1,23.2% higher
WA,Cheney,"12,743",6.30%,"$28,194",22.9,2.2% higher
WA,Ellensburg,"19,215",7.10%,"$28,341",23.9,2.9% higher
WA,Lakewood,"62,972",7.80%,"$44,667",36,19.3% higher
WA,Parkland,"38,092",6.80%,"$47,647",31.3,16.0% higher
WA,Pullman,"32,968",4.80%,"$24,487",21.9,-3.2% lower
WA,Richland,"59,718",5.30%,"$69,372",36.5,0.2% higher
WV,Athens,"1,142",7.00%,"$34,079",22,-25.6% lower
WV,Beckley,"17,261",6.40%,"$33,616",40.3,-29.9% lower
WV,Buckhannon,"5,343",7.30%,"$28,286",32.2,-21.5% lower
WV,Elkins,"6,980",7.10%,"$41,087",36.4,-27.8% lower
WV,Fairmont,"18,369",6.00%,"$36,731",34.5,-22.8% lower
WV,Glenville,"1,220",8.00%,"$30,151",23.2,-24.8% lower
WV,Huntington,"46,923",5.90%,"$28,673",34.3,-24.6% lower
WV,Lewisburg,"3,923",6.00%,"$56,347",44.7,-14.9% lower
WV,Morgantown,"29,316",4.40%,"$32,400",24.1,-9.7% lower
WV,Shepherdstown,"1,529",3.80%,"$36,477",21.1,13.6% higher
WV,West Liberty,"1,619",6.20%,"$21,250",21.1,-24.5% lower
WI,Appleton,"74,752",4.00%,"$53,439",35.5,-15.8% lower
WI,Eau Claire,"69,030",3.80%,"$43,295",31.4,-11.0% lower
WI,Kenosha,"99,605",5.80%,"$48,181",35.3,-13.2% lower
WI,La Crosse,"52,505",3.60%,"$40,340",28.3,-15.6% lower
WI,Madison,"265,447",3.30%,"$53,933",31,1.4% higher
WI,Menomonie,"16,721",4.70%,"$37,155",23.8,-14.5% lower
WI,Milwaukee,"578,198",7.40%,"$35,489",31.3,-15.3% lower
WI,Oshkosh,"66,694",3.90%,"$42,860",33.6,-21.5% lower
WI,Platteville,"11,774",3.80%,"$39,756",22.5,-18.9% lower
WI,Stevens Point,"25,752",4.10%,"$40,081",26.8,-20.1% lower
WI,Waukesha,"71,307",4.30%,"$58,126",35.3,0.1% higher
WI,Whitewater,"14,369",4.70%,"$30,281",21.5,-13.4% lower
WY,Laramie,"31,501",4.30%,"$38,451",25.6,-7.2% lower
